Open,Close,Volume
44.61800003051758,44.48199844360352,11487500
44.57400131225586,43.86199951171875,23822000
42.90999984741211,42.01800155639648,26842500
42.012001037597656,42.25600051879883,31309500
42.66999816894531,42.18999862670898,14842000
42.5620002746582,42.124000549316406,17212500
41.78400039672852,41.33200073242188,23341500
40.61000061035156,40.44200134277344,29751500
40.66400146484375,40.84999847412109,22386500
37.16600036621094,38.53799819946289,57759500
38.89799880981445,38.374000549316406,26082500
38.13999938964844,38.61399841308594,18016000
38.77399826049805,38.38600158691406,22516000
37.90999984741211,39.31399917602539,20765000
39.400001525878906,40.32400131225586,20584500
40.05799865722656,40.257999420166016,17193000
40.36600112915039,41.310001373291016,16172500
40.88399887084961,41.19599914550781,13905000
41.22200012207031,39.874000549316406,15748000
40.2140007019043,41.040000915527344,17740500
40.79199981689453,40.720001220703125,15035000
40.79399871826172,42.1879997253418,20746000
42.64400100708008,43.672000885009766,24131000
43.65800094604492,43.709999084472656,16527000
43.97600173950195,44.198001861572266,17614500
44.400001525878906,43.47200012207031,16219500
43.07600021362305,43.49599838256836,17362000
43.5099983215332,43.257999420166016,26952500
42.44200134277344,42.560001373291016,48845500
38.7140007019043,40.57600021362305,78248000
40.58000183105469,40.75400161743164,30955000
41.13999938964844,40.869998931884766,19898000
40.83399963378906,40.891998291015625,13568000
41.0,42.34199905395508,25770500
42.15599822998047,43.422000885009766,29910500
43.13199996948242,41.46799850463867,42499000
41.45800018310547,40.821998596191406,33018000
40.98799896240234,40.75199890136719,19547500
40.79999923706055,41.4379997253418,32364500
41.380001068115234,40.667999267578125,19410500
40.540000915527344,39.46599960327149,39610500
39.36199951171875,39.9119987487793,22161500
39.84999847412109,40.48799896240234,21110000
40.56999969482422,40.1259994506836,24385000
39.84199905395508,38.7760009765625,33562000
38.87799835205078,38.17599868774414,33683500
37.69200134277344,38.06399917602539,27898500
38.22999954223633,38.74800109863281,24874500
38.75,38.2140007019043,20746500
37.790000915527344,37.73600006103516,27171500
38.400001525878906,39.13999938964844,28144000
39.08599853515625,38.94599914550781,24470500
38.992000579833984,40.141998291015625,24104500
40.400001525878906,39.130001068115234,42376000
39.4900016784668,39.61600112915039,21347500
39.70000076293945,39.92599868774414,13158000
40.31600189208984,40.34400177001953,18249500
39.65399932861328,38.86000061035156,28652000
38.78400039672852,38.08200073242188,20640000
37.81399917602539,37.0,43024500
37.16999816894531,38.11399841308594,50447500
38.70600128173828,37.75400161743164,25133000
37.7400016784668,37.51800155639648,18973000
38.04600143432617,38.20000076293945,25052000
39.59999847412109,40.619998931884766,62279000
40.50199890136719,40.650001525878906,21739500
41.63999938964844,41.53400039672852,31515500
41.68600082397461,42.01800155639648,19001000
41.970001220703125,42.18000030517578,20338500
42.0880012512207,41.95600128173828,18791000
41.7140007019043,41.492000579833984,15130000
41.492000579833984,41.56600189208984,9762000
41.540000915527344,41.34000015258789,8295500
40.99800109863281,41.358001708984375,12349500
41.35599899291992,41.05400085449219,12796500
41.15999984741211,41.88199996948242,17162500
42.5,43.88800048828125,39315000
43.65399932861328,43.720001220703125,22056000
44.09999847412109,43.68600082397461,12139000
44.512001037597656,46.310001373291016,58363000
46.95000076293945,46.09600067138672,30427000
46.0099983215332,46.4900016784668,19680500
46.07799911499024,45.209999084472656,19559500
45.98799896240234,45.20600128173828,26408500
45.63600158691406,46.10200119018555,22173000
47.55199813842773,46.59000015258789,28984500
46.81999969482422,46.08599853515625,26354500
44.20000076293945,47.36000061035156,47279500
47.198001861572266,47.321998596191406,23341000
47.257999420166016,47.89799880981445,28361500
48.02199935913086,48.948001861572266,31817000
49.52199935913086,48.63600158691406,27201000
48.9640007019043,48.81999969482422,14479500
48.7859992980957,49.76800155639648,22638000
49.400001525878906,49.75,16766000
49.68600082397461,49.428001403808594,18371000
49.42599868774414,48.869998931884766,18778000
48.60599899291992,49.124000549316406,9853000
49.07600021362305,49.54600143432617,11115500
49.5359992980957,49.492000579833984,17493500
49.70199966430664,49.48600006103516,17041000
49.40599822998047,50.290000915527344,18236500
50.20000076293945,50.15999984741211,18946500
50.28200149536133,49.88999938964844,12525500
49.78400039672852,49.66999816894531,10674000
49.63999938964844,49.79800033569336,8907500
49.5,49.18399810791016,12268000
49.20000076293945,49.82799911499024,15110000
50.16999816894531,51.257999420166016,25085000
51.08000183105469,51.20000076293945,13055500
50.380001068115234,50.13999938964844,17272500
50.652000427246094,50.28200149536133,10220500
50.04199981689453,50.13800048828125,7111500
49.93999862670898,50.07600021362305,10931000
50.0260009765625,50.624000549316406,9923500
50.43399810791016,52.08200073242188,27564500
52.400001525878906,52.37799835205078,13913500
52.47999954223633,52.50199890136719,12315000
52.43000030517578,51.95800018310547,22805500
52.06399917602539,53.53400039672852,19354000
53.39599990844727,53.03400039672852,12061500
53.290000915527344,53.757999420166016,14246000
53.77799987792969,53.417999267578125,19192000
52.38999938964844,52.40399932861328,17394500
52.959999084472656,53.652000427246094,15434500
54.22200012207031,53.83000183105469,10506000
56.040000915527344,56.00400161743164,35819500
55.7760009765625,55.94400024414063,20609500
55.0,53.57600021362305,30525500
51.86399841308594,50.992000579833984,31105500
51.81600189208984,51.58399963378906,16670500
52.44400024414063,51.83000183105469,13054500
52.45000076293945,52.43199920654297,14801500
52.41999816894531,53.130001068115234,9538000
53.34799957275391,52.62799835205078,10108000
52.84400177001953,53.33599853515625,8080000
54.5,54.93199920654297,25020500
55.0,56.45199966430664,24892500
54.0099983215332,53.354000091552734,30543500
52.25400161743164,53.57400131225586,15525000
53.93000030517578,53.43999862670898,11136000
53.47600173950195,53.08200073242188,14182500
52.48600006103516,50.60200119018555,23471000
51.150001525878906,52.9640007019043,19479000
52.854000091552734,52.76399993896485,13950500
52.53799819946289,53.358001708984375,10173000
53.52000045776367,53.22999954223633,11113000
53.257999420166016,51.99800109863281,12767500
52.00199890136719,53.25600051879883,11762500
52.71599960327149,54.0260009765625,31071500
49.90800094604492,49.22600173950195,73119000
48.71599960327149,48.50199890136719,25367000
47.630001068115234,48.22800064086914,20929500
47.43000030517578,47.4739990234375,21324500
47.0,47.63399887084961,18640000
47.97200012207031,48.50199890136719,23446000
49.448001861572266,48.630001068115234,21824000
51.11199951171875,50.99800109863281,35883500
51.07600021362305,52.14400100708008,20975000
52.06600189208984,51.04999923706055,18021500
50.4119987487793,48.43600082397461,24529000
47.20000076293945,46.15399932861328,32951000
40.55799865722656,43.77399826049805,47908000
46.104000091552734,44.00600051879883,21636500
45.58599853515625,44.96799850463867,24815000
46.20000076293945,48.59799957275391,38280000
48.37200164794922,49.69599914550781,27568500
49.124000549316406,49.8120002746582,23501000
48.06800079345703,47.72600173950195,27274000
49.060001373291016,49.53799819946289,23146000
50.4119987487793,49.11399841308594,20974000
48.178001403808594,48.38600158691406,18446000
49.0099983215332,49.63399887084961,15691000
50.40999984741211,49.78200149536133,16954000
49.44599914550781,49.69599914550781,13545000
49.52799987792969,50.04800033569336,11754000
50.220001220703125,50.63800048828125,14454500
50.54999923706055,50.7140007019043,14667500
50.608001708984375,52.45000076293945,22085500
52.79199981689453,52.41400146484375,17929000
51.59199905395508,52.124000549316406,18815500
52.79600143432617,52.84000015258789,30601000
51.805999755859375,52.1879997253418,18322000
52.38999938964844,52.21200180053711,13004000
51.90599822998047,52.624000549316406,17241000
53.321998596191406,51.38199996948242,18867000
51.470001220703125,49.68600082397461,24505500
50.09199905395508,49.33000183105469,18516000
50.400001525878906,49.68000030517578,24648000
49.50199890136719,47.97600173950195,22865000
47.119998931884766,49.51399993896485,22120000
49.76800155639648,49.22999954223633,18449500
48.0,48.29199981689453,26126000
47.32600021362305,46.391998291015625,34070000
46.01599884033203,45.34400177001953,30666000
44.18600082397461,44.13800048828125,30792000
44.59799957275391,43.11600112915039,19181500
42.65599822998047,43.84999847412109,25857500
44.13399887084961,43.3759994506836,15522000
43.2859992980957,44.262001037597656,14221000
44.608001708984375,45.402000427246094,21672500
45.29999923706055,45.619998931884766,12539500
45.54399871826172,42.60599899291992,74500000
42.39799880981445,42.01800155639648,20757500
42.3120002746582,42.34400177001953,14126000
43.0,41.81800079345703,21177500
42.2760009765625,43.05199813842773,16957000
42.96799850463867,42.06999969482422,17597000
42.262001037597656,42.59199905395508,13643000
42.34999847412109,42.32600021362305,9025000
42.08000183105469,41.38600158691406,22194500
41.78400039672852,42.757999420166016,19639500
42.77000045776367,41.66999816894531,41662500
45.400001525878906,46.32600021362305,63632000
46.11600112915039,46.354000091552734,22484000
46.13999938964844,46.47200012207031,12226500
46.59799957275391,45.06600189208984,19254500
44.69599914550781,43.29999923706055,23085000
43.55400085449219,43.81600189208984,16739000
43.56999969482422,42.5880012512207,14579500
42.59000015258789,41.4379997253418,17151500
41.21799850463867,42.86199951171875,14627000
43.040000915527344,42.79999923706055,10743500
42.900001525878906,44.2140007019043,14059500
44.108001708984375,44.36000061035156,12522000
44.698001861572266,44.00199890136719,22003500
43.470001220703125,43.54999923706055,12631000
43.07400131225586,43.650001525878906,12401500
44.26800155639648,45.928001403808594,19954000
46.21200180053711,46.321998596191406,9747000
46.358001708984375,46.05199813842773,13299000
46.21200180053711,47.4379997253418,18670000
47.400001525878906,46.39799880981445,14907500
47.09600067138672,46.54199981689453,14698000
46.492000579833984,46.07600021362305,12868000
45.540000915527344,46.22600173950195,15721000
45.50400161743164,45.34400177001953,13438000
45.34000015258789,44.90399932861328,15289000
44.94200134277344,45.41400146484375,10358500
45.04800033569336,43.40399932861328,16343500
43.50199890136719,43.71599960327149,14135500
44.36399841308594,44.21799850463867,11222000
44.41999816894531,46.902000427246094,25521500
46.78799819946289,46.678001403808594,16493000
46.57799911499024,46.09199905395508,15071000
46.3380012512207,46.512001037597656,9766000
46.99800109863281,45.9900016784668,9807500
46.43600082397461,45.93999862670898,7775000
46.11199951171875,46.11399841308594,3540000
46.29800033569336,45.790000915527344,9506500
46.012001037597656,47.4379997253418,12031500
47.31999969482422,47.61800003051758,18489500
47.70199966430664,48.00199890136719,13575000
46.14400100708008,44.68199920654297,34135500
45.27199935913086,44.68600082397461,15934000
44.0,43.80799865722656,18895500
42.8380012512207,43.130001068115234,17771500
43.571998596191406,42.20000076293945,18140500
42.80199813842773,41.56999969482422,20457000
42.31999969482422,41.99399948120117,15459500
42.402000427246094,40.0620002746582,20632000
40.44200134277344,41.23600006103516,32453500
39.79399871826172,40.99800109863281,27893000
41.742000579833984,40.94400024414063,20193500
39.880001068115234,39.7400016784668,29193000
40.310001373291016,39.99399948120117,15831000
40.959999084472656,40.5099983215332,15620500
40.012001037597656,39.2760009765625,13493500
39.34000015258789,38.71200180053711,24821000
38.47600173950195,37.61399841308594,18086000
38.15800094604492,37.93999862670898,22964000
37.9900016784668,38.2400016784668,14261500
37.75199890136719,39.38800048828125,26488000
38.48400115966797,36.555999755859375,28868000
36.71799850463867,34.69599914550781,39657000
34.13999938964844,35.066001892089844,21927000
34.2599983215332,32.52000045776367,47188000
31.420000076293945,29.597999572753903,46565000
28.464000701904297,29.649999618530277,43258000
30.100000381469727,28.733999252319336,52032500
30.399999618530277,30.0939998626709,71262000
31.0,30.20800018310547,36179000
31.739999771118164,31.03400039672852,27969000
31.799999237060547,33.73600006103516,29126000
34.48400115966797,33.354000091552734,19438000
32.73199844360352,33.316001892089844,14797000
34.02399826049805,35.54800033569336,25300500
35.23199844360352,35.44200134277344,29922000
34.54999923706055,35.79999923706055,26978000
35.72999954223633,37.48600006103516,28753500
37.7400016784668,38.06800079345703,30325500
38.47999954223633,38.38600158691406,22495000
38.84999847412109,37.27000045776367,33561000
36.74599838256836,37.667999267578125,24312000
37.65599822998047,39.14799880981445,24145000
39.59999847412109,40.20800018310547,32445500
39.5359992980957,41.05799865722656,26647000
40.70000076293945,40.52000045776367,20893500
40.90399932861328,41.74399948120117,16043000
42.0,41.0359992980957,25962500
41.58599853515625,41.5,16715500
42.52999877929688,43.02999877929688,20328500
42.854000091552734,43.667999267578125,15902500
43.59999847412109,44.38600158691406,17583500
44.29399871826172,45.2760009765625,18914500
45.81999969482422,46.54800033569336,23559000
47.06800079345703,47.66400146484375,26539000
47.44200134277344,46.84799957275391,21580000
46.4739990234375,44.51599884033203,24744000
43.15599822998047,45.54999923706055,24804500
46.321998596191406,46.05199813842773,19628500
45.97800064086914,46.0260009765625,20071500
47.01800155639648,45.37799835205078,20165000
45.86800003051758,45.95399856567383,40064500
48.96599960327149,47.51800155639648,79987500
49.82400131225586,49.39799880981445,67376500
48.09999847412109,51.09400177001953,49743500
50.79399871826172,53.08399963378906,58527500
53.290000915527344,51.43999862670898,44281000
52.09999847412109,50.01399993896485,36819500
50.20000076293945,49.98400115966797,45808500
49.900001525878906,49.56399917602539,28816000
49.70199966430664,50.90599822998047,24628000
50.59999847412109,50.37200164794922,20661000
50.262001037597656,50.902000427246094,18762000
50.44599914550781,50.7760009765625,21357000
50.624000549316406,49.4739990234375,31787500
49.25199890136719,49.99399948120117,25970500
49.79800033569336,49.65800094604492,13915500
49.77799987792969,50.75,18931500
50.60200119018555,50.36399841308594,18351500
50.40999984741211,50.74800109863281,16119000
50.54999923706055,50.29399871826172,16029000
49.970001220703125,49.54199981689453,12595000
49.62799835205078,48.152000427246094,27069000
48.29999923706055,48.36000061035156,19219500
47.47200012207031,46.4640007019043,21511000
46.05799865722656,44.512001037597656,43502500
45.69200134277344,42.305999755859375,56274000
42.17399978637695,42.98600006103516,28426000
43.14400100708008,41.78400039672852,23882000
41.5099983215332,41.73799896240234,20353000
41.51800155639648,41.79199981689453,25809500
42.28799819946289,41.45600128173828,18252500
41.555999755859375,41.52199935913086,14114000
41.630001068115234,41.65800094604492,14747000
41.810001373291016,40.93199920654297,14218000
41.83000183105469,42.23400115966797,28087500
42.7239990234375,43.04199981689453,34331500
43.39799880981445,44.055999755859375,45035500
43.9739990234375,43.24399948120117,25512500
43.31999969482422,43.58200073242188,15069000
43.58200073242188,43.91600036621094,15634000
44.09999847412109,45.02399826049805,20362000
44.99800109863281,44.608001708984375,18251500
44.608001708984375,44.64599990844727,13945000
44.29600143432617,43.9119987487793,14913500
43.917999267578125,43.79199981689453,10164000
44.0,43.79800033569336,11145000
43.59999847412109,44.13600158691406,11247500
44.448001861572266,46.46799850463867,31068000
46.7599983215332,47.104000091552734,29860000
46.99599838256836,45.87200164794922,22460500
45.47800064086914,43.757999420166016,30133000
43.900001525878906,43.57400131225586,20965000
43.7760009765625,42.992000579833984,17901000
43.38999938964844,43.540000915527344,14542500
43.48400115966797,43.58599853515625,12201500
43.5620002746582,43.09400177001953,15563000
43.900001525878906,43.93999862670898,17777500
44.13600158691406,43.922000885009766,22645000
39.89400100708008,39.33200073242188,118712000
39.13800048828125,39.27999877929688,50653500
38.0099983215332,38.630001068115234,35132500
38.172000885009766,39.709999084472656,36027000
40.37799835205078,40.358001708984375,31062000
41.0260009765625,42.03799819946289,29974500
42.59400177001953,42.45600128173828,24215500
41.22800064086914,43.29999923706055,27000000
41.94599914550781,42.79600143432617,25876500
42.0,42.88800048828125,24599500
42.619998931884766,43.1879997253418,18060000
43.560001373291016,43.35599899291992,20374000
43.992000579833984,44.95600128173828,27149000
44.81999969482422,44.93000030517578,22856500
45.09999847412109,44.50600051879883,17835500
44.624000549316406,44.305999755859375,13379000
44.50400161743164,44.08000183105469,11171000
43.928001403808594,45.25,17060500
45.0,45.05199813842773,15575500
45.29399871826172,45.672000885009766,12842500
45.20000076293945,44.09999847412109,22143500
44.39799880981445,44.45399856567383,12898500
44.45399856567383,46.00199890136719,22453500
45.53799819946289,45.902000427246094,17150000
45.86800003051758,45.698001861572266,14445000
45.59000015258789,46.12200164794922,12095500
46.13999938964844,46.95800018310547,15354000
47.09999847412109,46.00199890136719,20081500
45.874000549316406,45.43999862670898,19672000
45.4739990234375,45.15800094604492,19439000
45.13800048828125,46.12200164794922,20735000
46.0,46.00600051879883,16026000
45.59999847412109,45.23199844360352,11318000
45.36399841308594,45.81600189208984,11039000
45.64799880981445,45.130001068115234,11691500
45.23400115966797,44.98199844360352,9404500
45.08200073242188,45.12200164794922,9067500
45.20399856567383,45.11800003051758,10171500
45.09799957275391,44.72200012207031,11335500
44.86600112915039,44.64799880981445,8935500
44.76399993896485,44.70199966430664,8572500
44.70800018310547,45.0,8297500
44.83399963378906,44.58599853515625,10327500
44.86399841308594,44.96799850463867,23922000
45.40999984741211,44.52399826049805,12853500
44.62200164794922,44.19200134277344,8812500
44.428001403808594,43.99800109863281,11195000
44.02999877929688,43.040000915527344,16331500
43.22200012207031,42.26800155639648,15844500
42.08599853515625,42.402000427246094,16382500
41.80199813842773,40.15399932861328,39715500
40.46599960327149,39.555999755859375,29887000
39.80400085449219,40.56600189208984,21953000
41.09999847412109,40.34199905395508,18204500
39.90999984741211,39.47200012207031,16889500
39.81800079345703,38.89400100708008,18785000
39.0,39.65999984741211,18576000
39.4119987487793,39.209999084472656,17947000
39.150001525878906,39.28200149536133,11272500
39.29800033569336,40.08399963378906,15386000
40.08399963378906,41.08000183105469,15539000
41.400001525878906,41.26800155639648,11497500
41.369998931884766,40.928001403808594,12052500
41.27399826049805,41.04399871826172,13167500
41.27999877929688,41.2859992980957,11914500
41.198001861572266,41.4900016784668,14526000
41.29999923706055,41.79800033569336,11972000
41.93000030517578,41.1619987487793,16866000
41.50199890136719,41.25400161743164,10442000
41.119998931884766,40.13999938964844,13635000
40.44200134277344,40.805999755859375,12931500
42.459999084472656,42.7400016784668,29999500
42.619998931884766,42.28200149536133,17707500
42.448001861572266,41.69200134277344,9387500
40.492000579833984,40.20000076293945,23517000
40.20000076293945,39.321998596191406,17465000
40.27000045776367,40.18999862670898,16581500
40.369998931884766,40.02000045776367,11642000
40.18999862670898,40.30199813842773,9853500
40.09999847412109,40.04800033569336,12473000
40.13199996948242,39.30199813842773,21349500
39.40999984741211,38.79199981689453,22770500
39.198001861572266,39.81999969482422,28402500
39.948001861572266,40.71200180053711,34956000
40.42399978637695,39.81999969482422,25364500
39.720001220703125,40.01800155639648,14717000
40.20000076293945,40.55199813842773,13758000
40.58000183105469,40.46799850463867,12225000
40.20000076293945,40.448001861572266,28164000
42.26800155639648,40.80199813842773,65468500
40.79999923706055,39.99399948120117,21400500
40.49800109863281,39.54600143432617,23461500
39.608001708984375,38.15800094604492,35300000
38.0099983215332,37.604000091552734,21267000
37.79999923706055,37.48400115966797,13265000
37.79999923706055,38.11199951171875,25730000
38.71799850463867,38.641998291015625,19350500
38.757999420166016,38.98799896240234,16338000
37.3759994506836,38.012001037597656,40865500
38.209999084472656,37.06999969482422,33751500
36.84799957275391,37.71200180053711,19942500
37.59999847412109,36.290000915527344,32761000
36.555999755859375,36.75400161743164,19510000
36.52999877929688,36.7859992980957,17172000
36.698001861572266,37.73199844360352,24435500
38.130001068115234,37.00400161743164,26051500
37.007999420166016,36.90399932861328,21805000
37.167999267578125,38.23400115966797,28017000
38.12200164794922,38.62799835205078,24459500
38.72800064086914,39.33000183105469,11830500
39.09600067138672,39.2239990234375,22646000
39.11199951171875,37.91400146484375,22196500
38.20000076293945,37.880001068115234,17735500
37.650001525878906,36.3759994506836,25632000
36.57600021362305,36.29399871826172,20211500
36.50199890136719,37.36000061035156,20361000
37.104000091552734,37.16999816894531,16958000
37.22999954223633,38.630001068115234,27309500
38.40999984741211,38.45800018310547,15970500
38.17399978637695,38.43600082397461,13612500
38.560001373291016,38.48600006103516,12194500
38.63600158691406,39.630001068115234,34119500
39.74800109863281,39.73799896240234,20754500
39.68199920654297,39.51599884033203,16098000
39.61600112915039,40.49800109863281,18984500
40.49800109863281,40.54600143432617,17440500
40.61000061035156,41.757999420166016,23445500
41.68999862670898,41.540000915527344,26038000
41.64400100708008,41.68999862670898,15555500
41.59999847412109,42.667999267578125,23352500
42.97600173950195,43.90599822998047,29578500
44.305999755859375,43.948001861572266,18912500
43.71200180053711,42.93600082397461,20225000
43.2599983215332,42.73799896240234,23213000
42.97200012207031,43.39799880981445,29616500
42.95000076293945,45.39799880981445,56067500
45.28400039672852,45.34999847412109,29558500
45.38600158691406,45.80199813842773,27639500
45.79399871826172,46.25600051879883,19897500
46.400001525878906,45.9739990234375,18300000
45.81399917602539,45.94599914550781,18254000
45.8120002746582,45.917999267578125,18951000
46.0,47.54999923706055,30465000
47.34000015258789,47.11600112915039,23087500
47.33000183105469,47.672000885009766,18845000
49.45000076293945,48.75199890136719,38661500
49.09199905395508,48.94599914550781,21021500
49.16999816894531,49.78400039672852,31314500
50.0,50.922000885009766,24827500
51.46200180053711,50.89400100708008,25713000
50.858001708984375,50.50199890136719,15760500
50.2760009765625,50.59000015258789,15831500
50.50600051879883,50.1259994506836,19005500
49.84799957275391,50.38600158691406,20580500
50.61000061035156,49.84799957275391,19794000
49.667999267578125,50.310001373291016,12499000
50.38199996948242,50.26599884033203,10933500
50.20000076293945,51.55400085449219,17812500
51.63800048828125,51.49599838256836,21224000
51.470001220703125,52.41600036621094,19665000
53.25,53.84000015258789,39101000
53.95800018310547,53.84600067138672,18098500
54.14799880981445,56.119998931884766,35148000
55.805999755859375,56.19599914550781,36726000
56.0,55.95199966430664,24739500
55.52000045776367,53.790000915527344,35386500
53.15999984741211,54.44599914550781,31285500
55.09000015258789,55.47800064086914,28383500
56.0620002746582,54.70199966430664,43775000
52.79999923706055,51.198001861572266,74576000
50.53200149536133,51.400001525878906,40858000
49.63399887084961,49.24599838256836,57304000
48.8380012512207,49.99800109863281,30390500
50.83599853515625,50.00400161743164,24047500
49.94200134277344,50.09600067138672,16759000
50.14799880981445,50.31399917602539,14597000
49.58200073242188,50.242000579833984,16777500
50.38399887084961,49.71799850463867,17297500
49.400001525878906,49.374000549316406,18626000
49.5260009765625,48.97999954223633,19396500
49.242000579833984,48.73799896240234,15331500
48.9640007019043,49.23400115966797,15113000
49.22200012207031,51.59999847412109,37992000
51.400001525878906,51.14599990844727,26654000
52.47999954223633,52.40999984741211,35661000
52.79999923706055,52.29999923706055,32487500
52.119998931884766,52.38399887084961,18071500
52.56600189208984,50.13600158691406,34543000
50.3120002746582,51.00199890136719,20296500
51.07799911499024,50.95600128173828,16601000
51.13999938964844,52.63199996948242,28236500
52.119998931884766,54.04399871826172,31154000
55.40399932861328,55.4900016784668,39938000
55.667999267578125,55.47600173950195,18381000
55.608001708984375,55.58399963378906,20742000
55.74599838256836,55.65999984741211,16473000
57.380001068115234,59.70399856567383,69443000
59.37799835205078,60.7400016784668,50673000
60.40800094604492,59.0,39404500
59.3759994506836,59.7400016784668,27603000
59.5,60.507999420166016,22898000
61.83000183105469,62.47800064086914,38322500
62.67599868774414,61.742000579833984,28623000
61.26800155639648,59.36800003051758,30253500
59.34000015258789,60.79999923706055,46423000
60.540000915527344,60.28799819946289,20693500
59.93999862670898,60.04999923706055,15178500
60.492000579833984,61.104000091552734,19490000
61.30199813842773,60.50199890136719,30747000
60.400001525878906,61.119998931884766,22549000
61.84400177001953,61.60599899291992,25417500
61.59999847412109,62.757999420166016,33688500
62.4739990234375,62.03400039672852,23475000
62.3380012512207,61.72600173950195,17343000
61.96599960327149,62.81399917602539,22527500
62.97600173950195,64.56600189208984,44148000
64.80000305175781,63.77799987792969,26914000
63.53400039672852,62.20399856567383,35667000
61.48799896240234,59.09199905395508,70760000
59.59999847412109,61.66999816894531,40886500
62.18000030517578,61.4379997253418,35032500
61.8759994506836,64.25199890136719,48382500
64.31199645996094,65.04399871826172,28708000
64.68000030517578,64.62000274658203,23769000
65.09600067138672,64.96199798583984,20608000
63.67599868774414,63.17599868774414,38110000
63.51800155639648,63.402000427246094,20762500
62.87799835205078,61.22200012207031,33559500
61.400001525878906,62.61199951171875,28269000
63.09999847412109,62.16600036621094,23438000
62.560001373291016,62.06999969482422,21646000
62.09199905395508,60.77199935913086,21592000
61.30199813842773,62.04399871826172,25166500
62.20399856567383,63.36600112915039,25070000
63.45600128173828,65.02799987792969,39011000
65.19999694824219,67.0199966430664,38914500
67.53800201416016,68.2020034790039,49817000
68.80000305175781,68.0739974975586,38040000
67.9540023803711,67.97000122070312,27951000
67.69999694824219,69.46399688720703,33922000
68.94000244140625,70.56999969482422,55434000
71.26799774169922,71.93000030517578,46990000
72.75,74.0,45307500
74.88400268554688,71.46399688720703,86307000
71.5979995727539,71.802001953125,52588500
73.52400207519531,75.19000244140625,59039500
76.21800231933594,76.13200378417969,64092000
74.5,75.06800079345703,52132500
75.59600067138672,74.27999877929688,33655000
75.0,73.95999908447266,32746500
75.33399963378906,74.447998046875,37193500
74.87000274658203,75.27999877929688,24616000
75.5979995727539,76.52200317382812,37649000
76.48999786376953,76.69000244140625,32229000
77.33799743652344,75.49800109863281,33020500
75.27999877929688,72.4739990234375,34982000
73.33599853515625,74.24800109863281,31512500
74.12200164794922,72.1500015258789,41105000
72.74199676513672,72.3219985961914,29242500
74.0479965209961,70.52400207519531,31527000
69.44000244140625,65.41799926757812,85233500
63.45199966430664,61.76599884033203,96622500
62.70000076293945,62.64400100708008,70884500
62.58000183105469,63.209999084472656,69104500
63.20000076293945,65.44400024414062,57797000
66.08000183105469,65.90399932861328,51730500
66.02200317382812,64.68199920654297,42972500
64.63800048828125,65.55599975585938,28126000
65.10800170898438,63.91400146484375,49384500
63.5,65.64800262451172,31868500
65.64600372314453,65.052001953125,31785000
65.37999725341797,65.98400115966797,25831000
65.89199829101562,65.68000030517578,24508000
66.0479965209961,68.50399780273438,43185500
69.0,67.91999816894531,34946000
68.0719985961914,68.7699966430664,24104000
69.19999694824219,66.89199829101562,41512000
67.37799835205078,67.01399993896484,24402000
67.0999984741211,64.69400024414062,42675500
64.5999984741211,63.91400146484375,41515500
63.78799819946289,65.1780014038086,65457500
69.06600189208984,69.41799926757812,67675000
69.4000015258789,71.38200378417969,46344500
71.47000122070312,71.03399658203125,31622500
71.50599670410156,73.04399871826172,37249000
72.19999694824219,72.70600128173828,34460500
72.31999969482422,71.08000183105469,35464500
71.39399719238281,71.5739974975586,21829000
72.9260025024414,72.76000213623047,22596000
73.04000091552734,72.46600341796875,15425500
72.5999984741211,72.58200073242188,17069000
72.24199676513672,70.38400268554688,25138500
70.58200073242188,69.49199676513672,27041000
69.16400146484375,67.5719985961914,32477000
68.22599792480469,68.2699966430664,21610000
67.7979965209961,70.55400085449219,24772500
70.50399780273438,70.58599853515625,22923500
70.8479995727539,69.61000061035156,17420000
69.45600128173828,69.13200378417969,18820000
67.89600372314453,69.47200012207031,20368500
69.93399810791016,70.63600158691406,17064500
70.70999908447266,71.18000030517578,20364000
71.2239990234375,71.08000183105469,15247500
70.76000213623047,69.91799926757812,19175500
69.9000015258789,68.90599822998047,20457000
69.19599914550781,70.12200164794922,21196000
69.7979965209961,68.68000030517578,16317500
70.2699966430664,72.73799896240234,38335500
72.89800262451172,72.55000305175781,29864500
72.76399993896484,73.24600219726562,20926000
72.86599731445312,75.52799987792969,36012500
74.9020004272461,75.96199798583984,27102500
76.05000305175781,77.0,35940000
76.0,75.0199966430664,32259500
74.5999984741211,74.78199768066406,24595500
74.9800033569336,73.2959976196289,23091000
73.2979965209961,70.21800231933594,40797000
70.62999725341797,68.99800109863281,38029500
70.18599700927734,69.05000305175781,35781500
69.9800033569336,68.19400024414062,30301500
67.97599792480469,67.91999816894531,26598000
68.37200164794922,68.22000122070312,25535500
68.50399780273438,68.30599975585938,26434000
67.18000030517578,69.62799835205078,50768000
70.25,71.00199890136719,40817500
71.19999694824219,71.06600189208984,20858500
70.62000274658203,71.3759994506836,21487500
69.93000030517578,68.58799743652344,37468500
69.36000061035156,71.11799621582031,34892500
70.77799987792969,70.91999816894531,22504000
70.58999633789062,71.13600158691406,20435000
71.39600372314453,71.11399841308594,17702500
70.75199890136719,70.12000274658203,26877500
70.18199920654297,71.1500015258789,16466500
71.19400024414062,71.93000030517578,24695500
71.11199951171875,70.36199951171875,25309000
70.53800201416016,69.0199966430664,24652000
69.97599792480469,67.40399932861328,28736500
67.76000213623047,67.46800231933594,22458500
67.33999633789062,65.16799926757812,42970500
65.55599975585938,65.23400115966797,25117500
63.95000076293945,64.17400360107422,34898500
63.83599853515625,64.01599884033203,21272000
64.0459976196289,66.30599975585938,28361500
66.44999694824219,64.21600341796875,42286500
60.0260009765625,59.85200119018555,98957000
59.900001525878906,61.21799850463867,44470000
61.400001525878906,60.555999755859375,32430000
60.20399856567383,61.209999084472656,26471500
61.09999847412109,60.87799835205078,23626500
60.5,60.59799957275391,27235500
60.5,60.59799957275391,23127000
60.0260009765625,63.08000183105469,37924500
63.0,61.7400016784668,28380500
61.20199966430664,62.2599983215332,29893500
62.79800033569336,62.5,29110500
65.13400268554688,63.0099983215332,68675500
62.757999420166016,61.74800109863281,41238500
62.172000885009766,63.5620002746582,36306500
63.354000091552734,62.52000045776367,24588000
62.757999420166016,63.11000061035156,16220500
62.650001525878906,63.36199951171875,22779500
63.27199935913086,63.5099983215332,24747500
63.459999084472656,61.507999420166016,43837000
61.71200180053711,61.77000045776367,21758000
61.0880012512207,61.305999755859375,21464500
61.29999923706055,61.040000915527344,29175500
60.400001525878906,60.7400016784668,23232500
60.02000045776367,62.652000427246094,35976500
62.400001525878906,62.24800109863281,23903000
62.91999816894531,63.0260009765625,17342500
62.92599868774414,65.78199768066406,39690000
66.08999633789062,68.20600128173828,43666000
68.18599700927734,67.80599975585938,31107500
68.2020034790039,67.5780029296875,28999500
68.40799713134766,68.69000244140625,34666000
68.9800033569336,67.77400207519531,27381000
68.052001953125,66.22000122070312,34125000
66.53800201416016,65.7959976196289,29769000
65.91799926757812,66.33200073242188,21926000
65.9020004272461,65.04000091552734,21079000
64.76599884033203,63.45800018310547,21892000
63.20000076293945,62.32799911499024,23560500
62.34999847412109,63.071998596191406,21581500
63.23600006103516,62.27000045776367,18886000
62.400001525878906,64.10600280761719,21761000
64.19999694824219,63.45000076293945,22607500
62.57400131225586,62.92399978637695,49731500
63.32400131225586,63.31600189208984,22956000
63.20000076293945,67.28199768066406,49297000
67.03199768066406,66.73799896240234,35733000
66.44000244140625,66.95999908447266,21549500
67.0479965209961,67.58999633789062,33227500
67.72599792480469,67.24400329589844,24125500
67.50800323486328,68.01200103759766,32371500
68.09400177001953,69.43199920654297,35517500
69.13400268554688,68.91400146484375,28429000
69.0,70.00399780273438,24441500
69.87999725341797,70.31199645996094,31052000
72.0,70.55799865722656,27327000
70.91600036621094,69.1780014038086,26437500
69.65399932861328,67.52799987792969,33701500
68.30000305175781,68.56999969482422,22697000
67.97000122070312,69.90599822998047,23735500
69.02799987792969,69.16400146484375,23588500
69.50199890136719,70.86199951171875,31070500
70.19999694824219,69.8499984741211,20988500
69.68800354003906,68.75,18524000
67.59400177001953,66.6259994506836,22320500
65.04199981689453,66.79399871826172,25442000
67.7979965209961,69.0,34846000
68.66200256347656,63.04600143432617,51573000
63.98600006103516,62.08399963378906,64668500
63.22600173950195,63.14599990844727,31139000
63.00400161743164,64.73200225830078,22801000
64.16799926757812,64.46199798583984,19753500
64.9000015258789,66.81400299072266,29564500
66.5,67.0979995727539,28213000
66.89399719238281,66.9540023803711,20047000
67.20600128173828,66.66000366210938,16098000
67.10600280761719,69.23400115966797,34849000
69.56600189208984,70.41000366210938,29087000
70.69999694824219,71.48400115966797,21700000
71.25,70.197998046875,23987000
70.51399993896484,68.61199951171875,30348500
69.00199890136719,66.18599700927734,34428000
65.39600372314453,67.02400207519531,25464000
66.47799682617188,66.66999816894531,19119000
66.75,65.63999938964844,21428500
65.08799743652344,66.45999908447266,25036500
66.5719985961914,65.81999969482422,17831000
64.81999969482422,65.43399810791016,27534000
65.72200012207031,69.10199737548828,41320000
65.72200012207031,68.36799621582031,29829000
67.35199737548828,65.32599639892578,39837000
65.8759994506836,65.12000274658203,32824000
64.58599853515625,64.2699966430664,30586500
63.29999923706055,62.71200180053711,37421500
62.9739990234375,62.11000061035156,23821500
62.04999923706055,63.305999755859375,29792000
62.77799987792969,61.81999969482422,24699000
62.25,60.30799865722656,33274500
61.46799850463867,60.83599853515625,41876000
60.79999923706055,55.83599853515625,69360000
52.91600036621094,51.555999755859375,105007000
51.29800033569336,53.22600173950195,75853500
51.25199890136719,50.49599838256836,80570000
53.9640007019043,53.50600051879883,94222000
50.555999755859375,57.38800048828125,99483500
57.86800003051758,61.14400100708008,95605500
60.20000076293945,59.86000061035156,67601500
60.07400131225586,57.93199920654297,51249000
59.79399871826172,60.93999862670898,54949000
60.14799880981445,60.18600082397461,37414500
60.4640007019043,58.81600189208984,38044000
60.720001220703125,60.06800079345703,36636000
59.79999923706055,58.242000579833984,31692500
57.77399826049805,57.53799819946289,35000000
58.21599960327149,58.66999816894531,32788500
58.21599960327149,60.01599884033203,30453000
59.03400039672852,58.04800033569336,28139500
58.257999420166016,56.67399978637695,24467000
57.0,56.69200134277344,28426500
56.70000076293945,56.13800048828125,20068000
55.75,57.09600067138672,21780000
57.07400131225586,58.81600189208984,21823000
58.72200012207031,58.77999877929688,21141000
58.70199966430664,59.98400115966797,23128000
59.7140007019043,60.22999954223633,44852000
55.757999420166016,56.88999938964844,86760500
56.59999847412109,58.81800079345703,42847000
59.5,60.55400085449219,43391000
60.15999984741211,60.39400100708008,29650000
60.08200073242188,61.369998931884766,28637000
61.5,61.00400161743164,28258000
61.540000915527344,60.21200180053711,23398000
60.66400146484375,58.39400100708008,36434000
57.00199890136719,56.83599853515625,47596000
56.76599884033203,57.29600143432617,28370000
57.18000030517578,56.90800094604492,22103000
56.93000030517578,55.36399841308594,36259500
56.26599884033203,56.89799880981445,45913000
57.55199813842773,55.00199890136719,44729000
55.55199813842773,55.81399917602539,29925500
55.68000030517578,55.56999969482422,20883500
55.5260009765625,55.77000045776367,19375500
55.70199966430664,56.75199890136719,28333000
56.65800094604492,58.34400177001953,37448500
57.44200134277344,56.94599914550781,29598500
57.172000885009766,58.36399841308594,27122000
58.86800003051758,59.34799957275391,23989000
59.540000915527344,58.22600173950195,29976000
60.09999847412109,63.900001525878906,93836500
63.22999954223633,63.21799850463867,71726500
63.79999923706055,63.53200149536133,41026000
64.50199890136719,66.41999816894531,65917500
68.94000244140625,68.55400085449219,111737000
69.34200286865234,68.95600128173828,47349000
69.5260009765625,71.54399871826172,54905000
70.76799774169922,71.63400268554688,54241500
71.08000183105469,74.16600036621094,60366000
73.03199768066406,70.51000213623047,63809500
71.60800170898438,72.44400024414062,41918500
72.4000015258789,69.50199890136719,39835500
70.30799865722656,66.72599792480469,51330500
66.02400207519531,66.60199737548828,34656500
67.20999908447266,68.4000015258789,37262500
69.0,68.9000015258789,41668500
69.73200225830078,69.98600006103516,41990000
70.66600036621094,68.58999633789062,32462000
72.01399993896484,67.01399993896484,93799000
66.3499984741211,62.172000885009766,61413000
62.75199890136719,61.83200073242188,87382000
60.9900016784668,61.77999877929688,44327500
62.39799880981445,63.70199966430664,37984000
64.91200256347656,64.49400329589844,47357500
63.15999984741211,63.79199981689453,24420500
64.28600311279297,63.34199905395508,28606000
63.11600112915039,63.77399826049805,29349000
62.34199905395508,62.02000045776367,39093500
61.762001037597656,64.53800201416016,34981000
65.0,64.7699966430664,28121000
63.26599884033203,64.0459976196289,29576500
64.24600219726562,62.71599960327149,25811000
60.36800003051758,60.63999938964844,54964500
60.88399887084961,59.48600006103516,47954000
59.34799957275391,61.74800109863281,35377000
60.970001220703125,61.33000183105469,23152500
61.45000076293945,59.43600082397461,28516500
59.18000030517578,58.03400039672852,34070500
58.45000076293945,59.62799835205078,25384500
59.59799957275391,60.167999267578125,50647000
65.68800354003906,69.90799713134766,116075000
69.56199645996094,69.63400268554688,68282500
69.09200286865234,68.39800262451172,42821500
68.76799774169922,75.91400146484375,154379000
73.81800079345703,74.06800079345703,122856000
73.11000061035156,70.48999786376953,85919000
70.80000305175781,71.0979995727539,57760000
72.22599792480469,71.28199768066406,52319500
71.69000244140625,69.52799987792969,34932000
68.38200378417969,67.73799896240234,45506500
67.98200225830078,67.08999633789062,30320000
64.69999694824219,61.09999847412109,94793000
58.34000015258789,61.6879997253418,87011500
62.12200164794922,64.37999725341797,65861000
64.17400360107422,64.3280029296875,29730000
63.82799911499024,64.0199966430664,25736500
64.13999938964844,64.56400299072266,18013000
63.59999847412109,63.854000091552734,65396500
63.68199920654297,62.37200164794922,38245500
62.05400085449219,61.00199890136719,37237000
60.45199966430664,60.630001068115234,36083500
60.400001525878906,60.33200073242188,26875500
59.38800048828125,57.790000915527344,41752500
57.0099983215332,56.14799880981445,38604000
56.959999084472656,56.18999862670898,37404000
52.02000045776367,52.64799880981445,112459500
54.652000427246094,57.09999847412109,71417500
55.89400100708008,55.88800048828125,45850000
56.28799819946289,58.108001708984375,50077000
57.604000091552734,57.891998291015625,31701500
57.75199890136719,59.040000915527344,33828000
58.007999420166016,58.96799850463867,34438000
59.3380012512207,56.992000579833984,82737500
56.10200119018555,59.80400085449219,41474500
60.71200180053711,59.66600036621094,36747000
59.540000915527344,59.81999969482422,25252500
59.69599914550781,59.93600082397461,24215000
60.0,60.198001861572266,22408500
60.38199996948242,61.91600036621094,39216000
62.58000183105469,61.50400161743164,42545500
54.05199813842773,52.95399856567383,168248500
61.15399932861328,62.13999938964844,108888000
62.790000915527344,60.20399856567383,58717500
60.66600036621094,58.959999084472656,39975000
58.790000915527344,56.36600112915039,49071000
54.93000030517578,52.38999938964844,89722500
52.90399932861328,50.11199951171875,67363500
51.04999923706055,52.560001373291016,60303000
52.922000885009766,51.3759994506836,64076500
51.50600051879883,50.44599914550781,40838500
52.20000076293945,51.75600051879883,36007000
51.8120002746582,51.917999267578125,31000000
53.13999938964844,55.31800079345703,47632000
56.47999954223633,54.35599899291992,43277500
53.858001708984375,52.78200149536133,27106000
53.47800064086914,52.0,46877500
52.13600158691406,52.18999862670898,28001500
52.77399826049805,58.82799911499024,95139000
60.209999084472656,57.70000076293945,100291500
63.44400024414063,62.97200012207031,104203500
61.650001525878906,66.18000030517578,137127500
67.49400329589844,66.97000122070312,72430000
65.6780014038086,65.9800033569336,45633500
66.50800323486328,67.46399688720703,38121500
67.6520004272461,68.85600280761719,40000500
68.74800109863281,69.28199768066406,39040000
68.0999984741211,68.27999877929688,39155000
67.81400299072266,68.21199798583984,33814500
68.66799926757812,69.63200378417969,36872500
69.69999694824219,70.27999877929688,35453500
69.80000305175781,70.10199737548828,25494000
69.67400360107422,66.25599670410156,34707500
66.63200378417969,67.74600219726562,27243000
68.54000091552734,68.80000305175781,25201500
68.46600341796875,69.68800354003906,23128500
69.03800201416016,70.86199951171875,36031000
71.26799774169922,70.69400024414062,48544500
68.3499984741211,69.49800109863281,40023500
70.4000015258789,67.63800048828125,23434000
66.87000274658203,65.16600036621094,21013000
65.0,69.19999694824219,39960500
68.01000213623047,68.78399658203125,31791500
69.197998046875,69.5739974975586,20638000
69.4000015258789,68.23400115966797,15403500
68.36599731445312,70.09600067138672,28145500
72.0,71.697998046875,41532500
71.20999908447266,71.94000244140625,42309500
71.2020034790039,72.61199951171875,39212500
73.80000305175781,71.59400177001953,57556000
72.0,73.02999877929688,33067500
73.98200225830078,73.35199737548828,31544000
73.88400268554688,73.31999969482422,25135000
74.02999877929688,75.35800170898438,36829500
75.0,73.14199829101562,31688000
72.4000015258789,69.68399810791016,38370000
70.10800170898438,67.40599822998047,35500000
67.5199966430664,66.59400177001953,41371000
65.41000366210938,63.07600021362305,45359500
63.47999954223633,63.95399856567383,40084000
62.70000076293945,59.07799911499024,27799500
60.0,65.21800231933594,40815500
63.96799850463867,63.22600173950195,42875500
64.62000274658203,66.77400207519531,49695000
67.55799865722656,66.55999755859375,31511500
61.220001220703125,62.02399826049805,58293000
61.400001525878906,60.071998596191406,34826000
61.20000076293945,63.53799819946289,36970500
64.34400177001953,66.99199676513672,37756000
68.39199829101562,67.06999969482422,35042500
67.0999984741211,67.70600128173828,27164500
66.87999725341797,68.99400329589844,30282000
68.41799926757812,69.4520034790039,25195500
68.47599792480469,66.87999725341797,26236500
67.0,68.88600158691406,30283000
68.95600128173828,69.20999908447266,23458500
69.24199676513672,69.46199798583984,18383500
64.5999984741211,60.45199966430664,120754000
60.9640007019043,59.78400039672852,60333500
58.5,57.51800155639648,62650000
56.60599899291992,58.30199813842773,40061000
58.87799835205078,59.40800094604492,36248000
58.58200073242188,59.2760009765625,32116500
59.05400085449219,59.492000579833984,23108500
60.09000015258789,61.75400161743164,56251500
60.20000076293945,61.40399932861328,62846000
61.08399963378906,62.44200134277344,36417000
62.59600067138672,62.57799911499024,36760500
62.49800109863281,64.2699966430664,33714000
63.917999267578125,63.44400024414063,25192500
62.65999984741211,61.50199890136719,32603000
61.36600112915039,61.15999984741211,29221000
62.31999969482422,62.56800079345703,35648500
63.2400016784668,62.36199951171875,27588000
62.470001220703125,61.63399887084961,25708000
60.67599868774414,60.75400161743164,26004000
60.900001525878906,61.57600021362305,19524500
61.3120002746582,61.12799835205078,20842000
60.88199996948242,60.512001037597656,35710500
60.36199951171875,58.24599838256836,44546000
58.89799880981445,58.94200134277344,28703000
59.58200073242188,59.75400161743164,33132500
58.44400024414063,59.571998596191406,42912500
60.35599899291992,62.948001861572266,55919500
63.78400039672852,63.97600173950195,52603500
61.38800048828125,58.95800018310547,114557000
59.624000549316406,57.071998596191406,85484000
56.400001525878906,55.30799865722656,93823500
55.29600143432617,55.24800109863281,51677500
55.76800155639648,55.31800079345703,47212500
55.38199996948242,56.82799911499024,44098000
56.70399856567383,58.18399810791016,36961500
57.29800033569336,56.672000885009766,37520500
56.77999877929688,57.79199981689453,34223500
58.4900016784668,57.992000579833984,35517000
56.70199966430664,55.08599853515625,73927500
55.20000076293945,53.89799880981445,51405000
53.5,53.49399948120117,59003000
53.9379997253418,54.720001220703125,34541000
54.52000045776367,54.80400085449219,29735500
54.51599884033203,52.90599822998047,43728000
51.94200134277344,52.08399963378906,51075000
52.88800048828125,53.55400085449219,36754500
53.75,54.96599960327149,43896000
55.43199920654297,55.7239990234375,33870500
55.7400016784668,55.97200012207031,29956500
56.52399826049805,57.83599853515625,40552000
57.65999984741211,57.17599868774414,27394500
57.4640007019043,58.36199951171875,39597000
52.37799835205078,53.555999755859375,118603500
53.97200012207031,54.992000579833984,65191500
55.53799819946289,54.63999938964844,52052000
54.33000183105469,54.46200180053711,29520000
55.34799957275391,55.21200180053711,35306500
53.65999984741211,53.68399810791016,49179500
54.04399871826172,53.540000915527344,33730000
53.72600173950195,53.2760009765625,50193000
53.150001525878906,54.672000885009766,36364500
54.95000076293945,54.24599838256836,25632500
54.24599838256836,54.652000427246094,29381500
53.79999923706055,52.54999923706055,60735500
52.02999877929688,52.77999877929688,54719500
52.77000045776367,51.73199844360352,53637500
51.0,49.5260009765625,109247000
49.29999923706055,47.02799987792969,111803500
47.172000885009766,48.29399871826172,83572500
48.4119987487793,47.73799896240234,47323000
47.77000045776367,46.80199813842773,53522000
49.104000091552734,48.81999969482422,90796500
48.77199935913086,51.00600051879883,118534000
50.00400161743164,51.06800079345703,54169500
51.36000061035156,49.4119987487793,50657000
49.38800048828125,48.96799850463867,30882000
48.400001525878906,48.39599990844727,33557000
47.95000076293945,47.90399932861328,35041500
46.402000427246094,45.402000427246094,54174000
45.86000061035156,46.46200180053711,36262000
45.86399841308594,46.38999938964844,36480000
45.89799880981445,45.66600036621094,37416500
44.391998291015625,42.20600128173828,88933500
40.560001373291016,41.071998596191406,102631000
39.55199813842773,41.01599884033203,90019500
39.81999969482422,38.54600143432617,93426000
38.86800003051758,39.09799957275391,132735500
39.96599960327149,38.1259994506836,70683000
38.2400016784668,37.7400016784668,51564500
37.41999816894531,37.97200012207031,59843000
37.75,37.64400100708008,39632500
37.02000045776367,37.03200149536133,52033500
37.10200119018555,35.79399871826172,65322000
36.220001220703125,38.720001220703125,69037500
39.73600006103516,39.31800079345703,67554000
40.88800048828125,41.18999862670898,101211000
41.0,40.900001525878906,80017500
42.04999923706055,42.57600021362305,52925000
43.82799911499024,43.41999816894531,58267500
44.59000015258789,41.85200119018555,75987500
42.07600021362305,42.78200149536133,40841500
42.25,42.98400115966797,37167000
43.09600067138672,45.00600051879883,61584000
45.74399948120117,44.948001861572266,63579000
45.02199935913086,45.2859992980957,32875500
44.59999847412109,43.92399978637695,59317500
43.24399948120117,44.37200164794922,41010500
44.64799880981445,44.72800064086914,28754000
44.87799835205078,43.95199966430664,30910500
44.0620002746582,43.854000091552734,42536000
43.88999938964844,44.56800079345703,31698500
44.198001861572266,44.69200134277344,34257000
46.04199981689453,45.43399810791016,41067000
45.77799987792969,44.90999984741211,46295000
47.87799835205078,46.97999954223633,71005500
46.91400146484375,46.619998931884766,35328500
46.24800109863281,46.06800079345703,29402500
45.79399871826172,46.012001037597656,30954000
46.83000183105469,47.78400039672852,45728500
47.62799835205078,47.720001220703125,37572000
47.95000076293945,49.01599884033203,46002500
49.59999847412109,50.70000076293945,55000500
49.86000061035156,50.47600173950195,40745000
51.13399887084961,50.97200012207031,48823500
51.0099983215332,50.70800018310547,23793000
51.13800048828125,51.63600158691406,35242000
51.75,51.13600158691406,34212000
51.34199905395508,52.03400039672852,25115500
51.83399963378906,52.97600173950195,55364000
46.70000076293945,45.76399993896485,112091500
45.38399887084961,45.608001708984375,50138500
45.417999267578125,47.15399932861328,46366500
46.58000183105469,48.45199966430664,40545000
48.59999847412109,48.321998596191406,45891000
48.52999877929688,46.77000045776367,41297500
46.27000045776367,46.86800003051758,30682500
45.91999816894531,45.66400146484375,35141500
46.3759994506836,46.150001525878906,27821000
45.29999923706055,46.68399810791016,23882500
46.88999938964844,47.65999984741211,26371500
47.209999084472656,47.00199890136719,19491000
46.59799957275391,45.80199813842773,23319500
45.762001037597656,47.0,24240500
46.242000579833984,43.92399978637695,47813000
44.172000885009766,43.12799835205078,40798000
43.33200073242188,43.98799896240234,25492500
44.84199905395508,45.36600112915039,26548000
45.52399826049805,45.172000885009766,20626000
44.402000427246094,44.16600036621094,38971500
44.560001373291016,44.43000030517578,32795000
43.99399948120117,42.27999877929688,42693000
42.720001220703125,43.0,25259500
43.14799880981445,42.81600189208984,27081000
42.73799896240234,43.11800003051758,16127500
43.79999923706055,44.34199905395508,25897500
45.83000183105469,45.12200164794922,46603000
44.81600189208984,45.00199890136719,26770500
45.37799835205078,44.13600158691406,28805000
44.5,45.91600036621094,36976500
45.43999862670898,45.4900016784668,20947000
46.0,46.358001708984375,24013500
46.15999984741211,47.108001708984375,24418500
47.47600173950195,49.41999816894531,50214000
49.540000915527344,49.17399978637695,42906000
49.391998291015625,49.040000915527344,26565500
49.20000076293945,48.5620002746582,23640500
48.49399948120117,48.95800018310547,19327000
49.0,48.698001861572266,20851000
49.20000076293945,49.31999969482422,23979000
49.29800033569336,48.124000549316406,31765000
48.0,48.24599838256836,21701000
48.30400085449219,44.641998291015625,64457500
44.9119987487793,45.7400016784668,47135500
46.13199996948242,48.512001037597656,59422500
48.43999862670898,48.42599868774414,55582000
48.59999847412109,48.17399978637695,29399000
48.29999923706055,48.9379997253418,30813000
48.65800094604492,48.6259994506836,28157000
46.37200164794922,46.60599899291992,75422500
46.321998596191406,46.2859992980957,39975000
45.959999084472656,47.54399871826172,40321000
47.17399978637695,48.0099983215332,43391000
48.26399993896485,48.90599822998047,34472000
49.055999755859375,48.948001861572266,31416500
49.43000030517578,49.57799911499024,42377000
49.58000183105469,51.391998291015625,51025000
51.540000915527344,51.57799911499024,32164000
51.47800064086914,51.95000076293945,33420500
52.5,52.39400100708008,23846500
52.13999938964844,51.38999938964844,28749000
51.66600036621094,50.70000076293945,25101500
50.86399841308594,51.11600112915039,23004000
50.900001525878906,50.93600082397461,26305500
59.67399978637695,59.93600082397461,148604500
59.54399871826172,65.6259994506836,150030500
65.50800323486328,65.54199981689453,94351500
63.99800109863281,63.24399948120117,63421500
62.59999847412109,63.00199890136719,48209000
62.619998931884766,62.98400115966797,25335000
63.26399993896485,62.6619987487793,31919500
62.959999084472656,63.49399948120117,43935000
63.92399978637695,63.44400024414063,34717000
63.59999847412109,65.31600189208984,39704500
65.8280029296875,67.10800170898438,72336500
66.9000015258789,67.4280014038086,30346000
68.79000091552734,69.01799774169922,49933500
69.37999725341797,69.98600006103516,36797000
71.0,69.22200012207031,42100500
69.22200012207031,69.87000274658203,32324500
70.12799835205078,70.43399810791016,24045000
70.58399963378906,69.99800109863281,22002000
70.3499984741211,71.90399932861328,38624000
72.0,70.44400024414062,33625500
70.9020004272461,70.96600341796875,30550000
68.03199768066406,66.60800170898438,84353000
68.86399841308594,67.26799774169922,61697500
67.05400085449219,65.78399658203125,39737000
66.2239990234375,66.25800323486328,27778000
66.22200012207031,65.98799896240234,12328000
65.87999725341797,66.9739990234375,30372500
66.52400207519531,67.23999786376953,32868500
67.55000305175781,66.60600280761719,27665000
66.56600189208984,66.0739974975586,18623000
67.0,67.1780014038086,38062000
67.31800079345703,67.90599822998047,45115500
67.99199676513672,69.76799774169922,44141500
70.3759994506836,70.54000091552734,34489000
70.98400115966797,71.93599700927734,38819500
72.20999908447266,71.6780014038086,32854500
72.51000213623047,76.30000305175781,90871000
75.7979965209961,75.7979965209961,42484000
76.1259994506836,78.62999725341797,70605000
79.46399688720703,80.80799865722656,90535500
82.05799865722656,81.11799621582031,73763500
82.35600280761719,83.84400177001953,66598000
83.6719970703125,85.05000305175781,40273500
85.58200073242188,86.18800354003906,53169500
87.0,86.07599639892578,49728500
85.75800323486328,82.94000244140625,62932000
81.0,83.66600036621094,51428500
84.9000015258789,86.052001953125,47660500
88.0999984741211,88.60199737548828,88892500
88.09400177001953,90.30799865722656,50665000
92.27999877929688,93.81199645996094,89410500
94.73999786376952,98.4280014038086,155721500
99.41999816894533,96.26799774169922,142202000
96.35800170898438,95.62999725341795,64797500
98.6999969482422,104.97200012207033,132588000
108.85199737548828,107.58399963378906,144981000
105.9520034790039,103.6999969482422,86844000
98.75,102.697998046875,108683500
101.52200317382812,102.0999984741211,68145500
106.0500030517578,109.44000244140624,89017500
114.37799835205078,113.91200256347656,156845000
112.8499984741211,114.44000244140624,98255000
114.1259994506836,112.96399688720705,71768000
108.39800262451172,111.60399627685548,68040500
113.697998046875,113.37999725341795,58942500
115.13800048828124,116.197998046875,89007500
126.48400115966795,128.16200256347656,145028500
128.0,130.11399841308594,78596500
134.73800659179688,156.0,235325000
176.5919952392578,177.41200256347656,304694000
164.65199279785156,146.94000244140625,242119000
139.98399353027344,149.79200744628906,199404000
146.11000061035156,149.61399841308594,85317500
160.0,154.25599670410156,123446000
153.75799560546875,154.87600708007812,58487500
155.57400512695312,153.45799255371094,60112500
148.3679962158203,160.8000030517578,131446500
157.44400024414062,160.00599670410156,78468500
168.32000732421875,171.67999267578125,81908500
184.6999969482422,183.48399353027344,127115000
182.38999938964844,179.8820037841797,88174500
181.39599609375,180.1999969482422,71574000
167.8000030517578,166.75799560546875,75961000
169.8000030517578,159.98199462890625,86452500
156.5,155.75999450683594,70427500
146.0,135.8000030517578,121386000
125.94000244140624,133.59800720214844,121114500
142.2519989013672,148.7239990234375,100975000
161.0,149.1020050048828,128920000
152.79200744628906,149.89999389648438,75245000
144.75399780273438,144.9080047607422,54263500
138.0,140.6959991455078,63314500
121.0780029296875,121.5999984741211,85368500
131.88600158691406,129.0659942626953,77972000
128.0399932861328,126.84600067138672,66612500
116.1780014038086,112.11000061035156,94545500
119.0,109.3239974975586,113201500
93.9000015258789,89.01399993896484,102447500
88.00199890136719,86.04000091552734,119973000
77.80000305175781,72.24400329589844,118931000
74.94000244140625,85.52799987792969,150977500
87.63999938964844,85.50599670410156,141427500
86.72000122070312,86.85800170898438,82272500
95.45999908447266,101.0,114476000
109.0500030517578,107.8499984741211,106113500
109.47799682617188,105.63200378417967,86903500
101.0,102.87200164794922,71887000
102.052001953125,100.4260025024414,59990500
100.25,104.8000030517578,88857500
100.8000030517578,96.31199645996094,66766000
96.20600128173828,90.8939971923828,99292000
101.9000015258789,96.0019989013672,112810500
102.23999786376952,103.2480010986328,74509000
109.0,109.08999633789062,89599000
110.83999633789062,109.76799774169922,63280000
112.41799926757812,114.5999984741211,68250000
118.03199768066406,130.19000244140625,112377000
139.79400634765625,141.97799682617188,152882500
148.39999389648438,145.96600341796875,117885000
143.38800048828125,149.04200744628906,103289500
154.45599365234375,150.7779998779297,65641000
146.5399932861328,149.27200317382812,73733000
146.0240020751953,137.343994140625,101045500
140.79600524902344,146.4219970703125,70827500
145.52000427246094,141.12600708007812,66183500
142.16200256347656,145.02999877929688,66060000
147.52200317382812,159.75,103407000
159.1280059814453,153.82400512695312,76110000
158.03399658203125,160.1020050048828,81080000
171.03799438476562,156.37600708007812,142359500
151.0,140.26400756835938,162659000
140.1999969482422,152.23800659179688,96185500
157.95799255371094,153.64199829101562,84958500
155.3000030517578,156.51600646972656,55616000
155.44200134277344,156.00799560546875,57638500
158.75399780273438,163.88400268554688,80432500
158.1020050048828,162.25799560546875,82598000
165.39999389648438,161.8820037841797,79534500
164.16600036621094,158.19200134277344,95327500
156.0,160.66600036621094,68411000
158.07000732421875,159.83399963378906,52592000
165.55599975585938,162.7259979248047,58329000
163.03399658203125,161.6020050048828,48182500
164.10000610351562,163.11199951171875,36546500
163.1999969482422,165.52000427246094,61273000
164.4340057373047,163.37600708007812,49937500
166.89999389648438,163.7740020751953,40448500
164.1719970703125,164.04600524902344,57747500
162.70199584960938,161.16200256347656,36278000
161.75,167.0,58822500
171.60000610351562,179.6199951171875,74697500
178.94000244140625,176.31199645996094,67828000
177.62399291992188,176.5919952392578,39747500
177.9759979248047,172.87600708007812,44438500
175.5679931640625,177.1320037841797,39059500
183.8000030517578,189.98399353027344,70873500
188.0019989013672,188.13400268554688,56941000
198.37600708007807,205.00999450683597,92817000
198.0399932861328,194.5679931640625,79582500
196.0,187.05599975585935,83817000
183.55799865722656,198.17999267578125,78486000
202.3699951171875,196.42599487304688,70255500
197.54200744628903,198.3580017089844,49454000
200.6000061035156,200.79200744628903,48759500
202.55599975585935,200.17999267578125,43398500
199.9900054931641,198.86399841308597,31812000
199.7760009765625,200.3560028076172,31826500
198.82200622558597,192.1699981689453,54798000
190.85400390625,197.1959991455078,46272500
198.95599365234372,191.947998046875,44274500
193.802001953125,201.8699951171875,45132000
201.3000030517578,215.9620056152344,84592500
216.6000061035156,223.92599487304688,66634500
244.29600524902344,241.73199462890625,86250500
255.33799743652344,274.3160095214844,102849500
281.00201416015625,277.97198486328125,107448500
281.0,273.1759948730469,81556500
279.39801025390625,278.8559875488281,58588000
279.20001220703125,308.92999267578125,116688000
331.79998779296875,299.4119873046875,194927000
311.20001220703125,303.3599853515625,117090500
308.6000061035156,309.2019958496094,81839000
295.4320068359375,300.12799072265625,71504000
302.69000244140625,300.1679992675781,46650000
303.802001953125,328.6000061035156,85607000
327.9859924316406,313.6719970703125,80536000
319.79998779296875,318.46600341796875,70805500
335.7900085449219,302.614013671875,121642500
283.2019958496094,283.3999938964844,96983000
287.0,307.9200134277344,80243500
300.79998779296875,295.2980041503906,79043500
300.20001220703125,299.8219909667969,47134500
297.6000061035156,297.4979858398437,38105000
303.0,286.1520080566406,61041000
289.8399963378906,297.0,44046500
299.00201416015625,297.3999938964844,42075000
298.5979919433594,297.0039978027344,24739000
298.1659851074219,297.9159851074219,29961500
299.9079895019531,290.5419921875,44482000
289.6000061035156,283.7139892578125,37611500
279.20001220703125,274.87799072265625,43129000
294.0,310.9519958496094,109147000
322.20001220703125,324.20001220703125,102126500
332.9979858398437,330.1419982910156,62888000
335.3999938964844,367.12799072265625,101211500
379.7980041503906,377.4179992675781,82372500
373.0,375.70599365234375,61026500
372.135986328125,400.3659973144531,103059000
408.9519958496094,409.9960021972656,107448000
425.2560119628906,402.8399963378906,100318000
394.9779968261719,404.6679992675781,53294500
412.0,430.6340026855469,71197000
436.0920104980469,447.75,118465000
459.0239868164063,442.6799926757813,100406000
444.6099853515625,498.3200073242188,118374400
502.1400146484375,475.0499877929688,89841100
478.989990234375,447.3699951171875,96176100
407.2300109863281,407.0,87596100
402.80999755859375,418.3200073242188,110321900
356.0,330.2099914550781,115465700
356.6000061035156,366.2799987792969,79465800
386.2099914550781,371.3399963378906,84930600
381.9400024414063,372.7200012207031,60717500
380.9500122070313,419.6199951171875,83020600
436.55999755859375,449.760009765625,97298200
439.8699951171875,441.760009765625,72279300
415.6000061035156,423.4299926757813,76779200
447.9400024414063,442.1499938964844,86406800
453.1300048828125,449.3900146484375,109476800
429.6000061035156,424.2300109863281,79580800
405.1600036621094,380.3599853515625,95074200
363.7999877929688,387.7900085449219,96561100
393.4700012207031,407.3399963378906,67208500
424.6199951171875,421.2000122070313,49719600
416.0,419.0700073242188,50219300
421.3200073242188,429.010009765625,48145600
440.760009765625,448.1600036621094,50741500
421.3900146484375,415.0899963378906,71430000
423.3500061035156,425.6799926757813,44722800
423.7900085449219,413.9800109863281,49146300
419.8699951171875,425.2999877929688,43127700
438.4400024414063,425.9200134277344,40421100
430.1300048828125,434.0,28925700
442.0,442.2999877929688,38791100
443.3500061035156,446.6499938964844,34463700
449.7799987792969,461.2999877929688,47879700
450.30999755859375,448.8800048828125,35672400
454.4400024414063,439.6700134277344,32775900
446.239990234375,430.8299865722656,36287800
431.75,421.9400024414063,31656300
422.7000122070313,422.6400146484375,32370500
441.9200134277344,425.7900085449219,39993200
421.8399963378906,420.6300048828125,33717000
411.6300048828125,420.2799987792969,28239200
423.760009765625,424.6799926757813,22686500
416.4800109863281,406.0199890136719,25451400
409.9599914550781,410.8299865722656,22655300
406.8999938964844,388.0400085449219,42511300
394.0,400.510009765625,29021100
409.7300109863281,423.8999938964844,34351700
430.6199951171875,420.9800109863281,32143100
428.2999877929688,438.0899963378906,28414500
436.1000061035156,429.9500122070313,21706000
439.5,421.260009765625,34833000
420.0899963378906,410.3599853515625,30284200
416.4500122070313,417.1300048828125,17357700
415.0499877929688,411.760009765625,19855100
410.8500061035156,408.5,19771100
408.9299926757813,408.0899963378906,26838600
460.1700134277344,441.6099853515625,61188300
448.3500061035156,486.6400146484375,78044000
492.0,499.2699890136719,62475300
497.989990234375,489.6099853515625,32911900
503.5,521.8499755859375,50260300
540.4000244140625,555.3800048828125,53648500
550.0599975585938,574.0,48930200
581.1599731445312,585.760009765625,37561100
602.2100219726562,567.5999755859375,63003100
597.5900268554688,584.760009765625,40103500
556.4400024414062,568.8200073242188,47775700
590.02001953125,593.3800048828125,42552000
591.010009765625,599.0399780273438,29401300
604.9199829101562,641.760009765625,56309700
625.510009765625,649.8800048828125,64265000
653.6900024414062,604.47998046875,71291200
574.3699951171875,627.0700073242188,67083200
615.010009765625,609.989990234375,46475000
619.0,639.8300170898438,52040600
643.280029296875,633.25,45071500
628.22998046875,622.77001953125,42095800
628.1900024414062,655.9000244140625,56270100
668.9000244140625,695.0,222126200
666.239990234375,649.8599853515625,58045300
648.0,640.3400268554688,51716000
632.2000122070312,645.97998046875,33173000
642.989990234375,661.77001953125,22865600
674.510009765625,663.6900024414062,32278600
661.0,665.989990234375,22910800
672.0,694.780029296875,42846000
699.989990234375,705.6699829101562,49649900
719.4600219726562,729.77001953125,48638200
723.6599731445312,735.1099853515625,32245200
758.489990234375,755.97998046875,44700000
777.6300048828125,816.0399780273438,51498900
856.0,880.02001953125,75055500
849.4000244140625,811.1900024414062,59301600
831.0,849.4400024414062,46270700
852.760009765625,854.4099731445312,33312500
843.3900146484375,845.0,31266300
852.0,826.1599731445312,38777600
837.7999877929688,844.5499877929688,25367000
858.739990234375,850.4500122070312,25665900
855.0,844.989990234375,20521100
834.3099975585938,846.6400146484375,20066500
855.0,880.7999877929688,41173400
891.3800048828125,883.0900268554688,23131600
870.3499755859375,864.1599731445312,27334000
820.0,835.4299926757812,26378000
830.0,793.530029296875,34990800
814.2899780273438,839.8099975585938,25391400
844.6799926757812,872.7899780273438,24346200
877.02001953125,854.6900024414062,18343500
855.0,849.989990234375,15812700
845.0,852.22998046875,18566600
869.6699829101562,863.4199829101562,20161700
855.1199951171875,849.4600219726562,15157700
843.6400146484375,804.8200073242188,36216100
812.4400024414062,811.6599731445312,21622800
801.260009765625,816.1199951171875,23768300
818.0,796.219970703125,19802300
779.0900268554688,798.1500244140625,25996500
780.9000244140625,787.3800048828125,17957100
795.0,781.2999877929688,18958300
762.6400146484375,714.5,37269700
662.1300048828125,698.8400268554688,66606900
711.8499755859375,742.02001953125,36767000
726.1500244140625,682.219970703125,39023900
700.0,675.5,41089200
690.1099853515625,718.4299926757812,27136200
718.280029296875,686.4400024414062,23732200
687.989990234375,653.2000122070312,30208000
655.7999877929688,621.4400024414062,65919500
626.0599975585938,597.9500122070312,89396500
600.5499877929688,563.0,51787000
608.1799926757812,673.5800170898438,67523300
700.2999877929688,668.0599975585938,60605700
699.4000244140625,699.5999755859375,36253900
670.0,693.72998046875,33583800
694.0900268554688,707.9400024414062,29335600
703.3499755859375,676.8800048828125,32195700
656.8699951171875,701.8099975585938,40372500
684.2899780273438,653.1599731445312,33224800
646.5999755859375,654.8699951171875,42894000
684.5900268554688,670.0,39512200
675.77001953125,662.1599731445312,30491900
667.9099731445312,630.27001953125,33795200
613.0,640.3900146484375,39224900
641.8699951171875,618.7100219726562,33852800
615.6400146484375,611.2899780273438,28637000
601.75,635.6199951171875,39432400
646.6199951171875,667.9299926757812,33337300
688.3699951171875,661.75,35298400
707.7100219726562,691.0499877929688,41842800
690.2999877929688,691.6199951171875,28271800
687.0,670.969970703125,26309400
677.3800048828125,683.7999877929688,23924300
677.77001953125,677.02001953125,21437100
685.7000122070312,701.97998046875,29135700
712.7000122070312,762.3200073242188,44652800
770.7000122070312,732.22998046875,49017400
743.0999755859375,738.8499755859375,27848900
728.6500244140625,739.780029296875,27979500
719.5999755859375,714.6300048828125,39686200
717.4199829101562,718.989990234375,35609000
704.77001953125,744.1199951171875,31215500
741.5,719.6900024414062,35590300
719.7999877929688,729.4000244140625,28370000
741.0,738.2000122070312,31038500
717.9600219726562,704.739990234375,29437000
696.4099731445312,694.4000244140625,22271000
699.510009765625,677.0,28845400
667.5900268554688,709.4400024414062,40758700
703.7999877929688,684.9000244140625,27043100
678.9400024414062,673.5999755859375,29739300
681.0599975585938,670.9400024414062,21901900
680.760009765625,663.5399780273438,27784600
665.7999877929688,672.3699951171875,23469200
664.9000244140625,629.0399780273438,31392400
599.239990234375,617.2000122070312,46503900
602.489990234375,589.8900146484375,33823600
601.5399780273438,571.6900024414062,44184900
583.4099731445312,589.739990234375,33370900
575.5499877929688,576.8300170898438,32390400
568.0,577.8699951171875,36830600
552.5499877929688,563.4600219726562,39578400
575.0,586.780029296875,30821100
596.1099853515625,580.8800048828125,26030600
581.5999755859375,606.4400024414062,34558100
607.3099975585938,604.6900024414062,28005900
607.5599975585938,619.1300048828125,28639300
620.239990234375,630.8499755859375,26370600
628.5,625.219970703125,22737000
627.7999877929688,623.9000244140625,18084900
620.1300048828125,605.1199951171875,23302800
601.7999877929688,572.8400268554688,30111900
579.7100219726562,599.0499877929688,24036900
591.8300170898438,605.1300048828125,22543700
623.010009765625,603.5900268554688,26053400
602.1699829101562,598.780029296875,16584600
603.8800048828125,610.1199951171875,23919600
610.22998046875,609.8900146484375,16205300
612.22998046875,617.6900024414062,20424000
616.6900024414062,599.3599853515625,17764100
597.5399780273438,604.8699951171875,22144100
601.8900146484375,616.5999755859375,22701400
613.3699951171875,623.3099975585938,24560900
624.47998046875,620.8300170898438,24812700
618.25,623.7100219726562,19158900
632.0,656.5700073242188,31099200
674.989990234375,679.8200073242188,45982400
689.5800170898438,671.8699951171875,32496700
671.6400146484375,688.719970703125,21628200
684.6500244140625,680.760009765625,17381300
679.77001953125,679.7000122070312,18924900
683.9199829101562,677.9199829101562,18634500
678.97998046875,678.9000244140625,27054500
681.7100219726562,659.5800170898438,23284500
664.27001953125,644.6500244140625,18792000
628.3699951171875,652.8099975585938,22773300
653.1799926757812,656.9500122070312,18140500
662.2000122070312,685.7000122070312,25927000
686.3200073242188,668.5399780273438,20966100
670.75,653.3800048828125,21641200
658.3900146484375,650.5999755859375,20209600
654.6799926757812,644.219970703125,16371000
629.8900146484375,646.219970703125,21297100
651.989990234375,660.5,15487100
659.6099853515625,655.2899780273438,13953300
656.4400024414062,649.260009765625,15105700
646.3599853515625,643.3800048828125,14604900
650.969970703125,657.6199951171875,25336600
663.4000244140625,644.780029296875,32813300
647.0,646.97998046875,16006600
649.7899780273438,677.3499755859375,30394600
671.760009765625,687.2000122070312,29656400
700.0,709.6699829101562,33615800
719.0,709.739990234375,21620300
711.0,710.9199829101562,17002600
716.0,714.6300048828125,12919600
711.9000244140625,699.0999755859375,15623000
710.1699829101562,713.760009765625,14715300
713.989990234375,709.989990234375,13432300
712.7100219726562,707.8200073242188,9800600
706.3400268554688,722.25,17459100
723.7100219726562,717.1699829101562,16731500
705.0700073242188,686.1699829101562,22677400
672.6599731445312,665.7100219726562,23721300
669.75,688.989990234375,20349400
678.2100219726562,673.469970703125,14313500
682.8499755859375,680.260009765625,14841900
685.4400024414062,706.2999877929688,20264900
710.6799926757812,708.489990234375,13083100
707.030029296875,711.2000122070312,12645600
708.3099975585938,701.1599731445312,13214300
705.0,711.9199829101562,13833800
714.719970703125,730.9099731445312,18604200
733.0,735.719970703125,20855400
734.0800170898438,734.0900268554688,13204300
734.5,732.3900146484375,12777300
732.25,733.5700073242188,15246100
740.0,752.9199829101562,20039800
761.5800170898438,753.8699951171875,18793000
753.4099731445312,754.8599853515625,14077700
759.5999755859375,736.27001953125,15184200
740.2100219726562,743.0,22952500
742.5700073242188,744.489990234375,18524900
745.0,755.8300170898438,15357700
752.8300170898438,756.989990234375,13923400
757.1500244140625,759.489990234375,28204200
734.5599975585938,730.1699829101562,24757700
734.7899780273438,739.3800048828125,16330700
743.530029296875,751.9400024414062,15126300
755.0,753.6400146484375,11947500
745.8900146484375,774.3900146484375,21373000
773.1199951171875,791.3599853515625,28070700
787.2000122070312,777.5599975585938,25381400
779.7999877929688,781.3099975585938,20942900
781.0,775.47998046875,17956000
778.4000244140625,775.219970703125,17031400
796.5,781.530029296875,30483300
784.7999877929688,780.5900268554688,18432600
776.2000122070312,782.75,14632800
785.4600219726562,793.6099853515625,19195800
796.2100219726562,785.489990234375,16738600
787.6500244140625,791.9400024414062,14200300
800.9299926757812,805.719970703125,22020000
810.469970703125,811.0800170898438,14120100
815.489990234375,818.3200073242188,12247200
823.739990234375,843.030029296875,18924600
851.7899780273438,870.1099853515625,24207200
877.530029296875,864.27001953125,17381100
865.3499755859375,865.7999877929688,14032100
856.0,894.0,31481500
895.5,909.6799926757812,22880800
950.530029296875,1024.8599853515625,62852100
1024.68994140625,1018.4299926757812,62415000
1039.6600341796875,1037.8599853515625,38526500
1068.31005859375,1077.0400390625,27213200
1081.8599853515625,1114.0,29918400
1145.0,1208.5899658203125,56048700
1159.3599853515625,1172.0,42737800
1177.3299560546875,1213.8599853515625,34628500
1234.4100341796875,1229.9100341796875,25397400
1228.0,1222.0899658203125,21628800
1149.7900390625,1162.93994140625,33445700
1173.5999755859375,1023.5,59105800
1010.4099731445312,1067.949951171875,42802700
1102.77001953125,1063.510009765625,22396600
1047.5,1033.4200439453125,25573100
1017.6300048828124,1013.3900146484376,34775600
1003.3099975585938,1054.72998046875,26542400
1063.510009765625,1089.010009765625,31445400
1106.550048828125,1096.3800048828125,20898900
1098.8699951171875,1137.06005859375,21642300
1162.3299560546875,1156.8699951171875,33072500
1167.510009765625,1109.030029296875,36171700
1080.3900146484375,1116.0,22560200
1099.469970703125,1081.9200439453125,11680900
1100.989990234375,1136.989990234375,19464500
1144.3699951171875,1144.760009765625,27092000
1160.699951171875,1095.0,22816800
1099.06005859375,1084.5999755859375,24371600
1084.7900390625,1014.969970703125,30774000
1001.510009765625,1009.010009765625,27221000
1044.199951171875,1051.75,18694900
1052.7099609375,1068.9599609375,13968800
1060.6400146484375,1003.7999877929688,19812800
1008.75,1017.030029296875,19888100
1001.0900268554688,966.4099731445312,26198500
945.0,958.510009765625,23602100
953.2100219726562,975.989990234375,25056400
994.5,926.9199829101562,27590500
914.77001953125,932.5700073242188,33479100
910.7000122070312,899.9400024414062,18826700
916.8699951171876,938.530029296875,23839300
965.6599731445312,1008.8699951171876,31211400
1006.7999877929688,1067.0,30904400
1073.6700439453125,1093.93994140625,23715300
1109.489990234375,1088.469970703125,20108000
1098.6400146484375,1086.18994140625,18718000
1061.3299560546875,1070.3399658203125,15680300
1073.43994140625,1056.780029296875,13577900
